ID,Especie ID,Nombre común actualizado,Familia,Especie epífita,Floracion 1,Floracion 2,Floracion 3,Floracion 4,Floracion (0502017),Floracion (0602017),Floracion (1202017),Floracion (5/02/2018),Floracion (12/07/2018),Floracion 12/12/2018,Floracion 2023,fructificacion 1,fructificacion 2,fructificacion 3,fructificacion 4,fructificacion (0502017),fructificacion (0602017),fructificacion (1202017),fructificacion (05/02/2018),fructificacion (12/07/2018),fructificacion 12/12/2018,fructificacion 2023,,Row Labels,Sum of Floracion 2023,Sum of fructificacion 2023
1,32,Salvini,Araceae,Anthurium salvinii,1,0,0,0,0,0,0,0,0,0,0,0,0,0,0,0,0,0,0,0,0,0,,Aechmea,2,0
2,72,Salvini,Araceae,Anthurium salvinii,0,0,0,0,0,0,0,0,0,0,0,0,0,0,0,0,0,0,0,0,0,0,,Billbergia,1,4
3,180,Helecho espada,Aspleniaceae,Asplenium cf. nidus,0,0,0,0,0,0,0,0,0,0,0,0,0,0,0,0,0,0,0,0,0,0,,Cattleya,1,0
4,335,Cattleya,Orchidaceae,Cattleya sp.,0,0,0,0,0,0,0,0,0,0,0,0,0,0,0,0,0,0,0,0,0,0,,Guzmania,0,0
5,1,Salvini,Araceae,Anthurium salvinii,0,0,0,0,0,0,0,0,0,1,0,0,0,0,0,0,0,0,0,0,0,0,,Helecho espada,0,0
6,2,Salvini,Araceae,Anthurium salvinii,0,0,0,0,0,0,0,1,0,0,0,0,0,0,0,0,0,0,0,0,0,0,,Neoreegia,0,0
7,38,Salvini,Araceae,Anthurium salvinii,0,0,0,0,0,0,0,0,0,0,0,0,0,0,0,0,0,0,0,0,0,0,,Salvini,16,13
8,105,Salvini,Araceae,Anthurium salvinii,1,0,0,0,0,0,0,0,0,0,0,0,0,0,0,0,0,0,0,0,0,0,,Schomburgia,0,0
9,123,Salvini,Araceae,Anthurium salvinii,0,0,0,0,0,0,0,0,0,0,0,0,0,0,0,0,0,0,0,0,0,0,,Grand Total,20,17
10,128,Salvini,Araceae,Anthurium salvinii,0,0,0,0,0,0,0,0,0,0,0,0,0,0,0,0,0,0,0,0,0,0,,,,
11,152,Helecho espada,Aspleniaceae,Asplenium cf. nidus,0,0,0,0,0,0,0,0,0,0,0,0,0,0,0,0,0,0,0,0,0,0,,,,
12,320,Cattleya,Orchidaceae,Cattleya sp.,0,0,0,0,0,0,0,0,0,0,0,0,0,0,0,0,0,0,0,0,0,0,,,,
13,343,Cattleya,Orchidaceae,Cattleya sp.,0,0,0,0,0,0,0,0,0,0,0,0,0,0,0,0,0,0,0,0,0,0,,,,
14,359,Cattleya,Orchidaceae,Cattleya sp.,0,0,0,0,0,0,0,0,0,0,0,0,0,0,0,0,0,0,0,0,0,0,,,,
15,66,Salvini,Araceae,Anthurium salvinii,0,0,0,0,0,0,0,0,0,0,1,0,0,0,0,0,0,0,0,0,0,0,,,,
16,80,Salvini,Araceae,Anthurium salvinii,0,0,0,0,0,1,1,1,0,1,0,0,0,0,0,0,0,0,0,0,0,0,,,,
17,100,Salvini,Araceae,Anthurium salvinii,0,0,0,0,0,0,0,0,0,0,0,0,0,0,0,0,0,0,0,1,0,1,,,,
18,139,Salvini,Araceae,Anthurium salvinii,0,0,0,0,0,0,0,1,0,0,0,0,0,0,0,0,0,0,0,0,0,0,,,,
19,207,Aechmea,Bromeliaceae,Aechmea fasciata,0,0,0,0,0,0,0,0,0,0,0,0,0,0,0,0,0,0,0,0,0,0,,,,
20,210,Aechmea,Bromeliaceae,Aechmea fasciata,0,0,0,0,0,0,0,0,0,0,0,0,0,0,0,0,0,0,0,0,0,0,,,,
21,287,Billbergia,Bromeliaceae,Billbergia nutans,0,0,0,0,0,0,0,0,0,0,1,0,0,0,0,0,0,0,0,0,0,0,,,,
22,70,Salvini,Araceae,Anthurium salvinii,0,0,0,0,0,0,0,0,0,0,0,0,0,0,0,0,0,0,0,0,0,0,,,,
23,93,Salvini,Araceae,Anthurium salvinii,0,0,0,0,0,0,0,0,0,0,0,0,0,0,0,0,0,0,0,0,0,0,,,,
24,109,Salvini,Araceae,Anthurium salvinii,0,0,0,0,0,0,0,0,0,0,0,0,0,0,0,0,0,0,0,0,0,0,,,,
25,190,Helecho espada,Aspleniaceae,Asplenium cf. nidus,0,0,0,0,0,0,0,0,0,0,0,0,0,0,0,0,0,0,0,0,0,0,,,,
26,231,Aechmea,Bromeliaceae,Aechmea fasciata,0,0,0,0,0,0,0,0,0,0,0,0,0,0,0,0,0,0,0,0,0,0,,,,
27,323,Cattleya,Orchidaceae,Cattleya sp.,0,0,0,0,0,0,0,0,0,0,0,0,0,0,0,0,0,0,0,0,0,0,,,,
28,350,Cattleya,Orchidaceae,Cattleya sp.,0,0,0,0,0,0,0,0,0,0,0,0,0,0,0,0,0,0,0,0,0,0,,,,
29,358,Schomburgia,Orchidaceae,Laelia tigrina,0,0,0,0,0,0,0,0,0,0,0,0,0,0,0,0,0,0,0,0,0,0,,,,
30,150,Salvini,Araceae,Anthurium salvinii,0,0,0,0,0,0,1,0,0,1,0,0,0,0,0,0,0,0,0,0,0,0,,,,
31,167,Helecho espada,Aspleniaceae,Asplenium cf. nidus,0,0,0,0,0,0,0,0,0,0,0,0,0,0,0,0,0,0,0,0,0,0,,,,
32,291,Billbergia,Bromeliaceae,Billbergia nutans,0,0,0,0,0,0,0,0,0,0,0,0,0,0,0,0,0,0,0,0,0,0,,,,
33,389,Cattleya,Orchidaceae,Cattleya sp.,0,0,1,0,0,0,0,0,0,0,0,0,0,0,0,0,0,0,0,0,0,0,,,,
34,390,Cattleya,Orchidaceae,Cattleya sp.,0,0,0,0,0,0,0,0,0,0,0,0,0,0,0,0,0,0,0,0,0,0,,,,
35,13,Salvini,Araceae,Anthurium salvinii,0,0,0,0,0,0,1,0,0,1,0,0,0,0,0,0,0,0,0,0,0,0,,,,
36,46,Salvini,Araceae,Anthurium salvinii,0,0,0,0,0,0,0,0,0,0,0,0,0,0,0,0,0,0,0,0,0,0,,,,
37,57,Salvini,Araceae,Anthurium salvinii,0,0,1,0,0,0,0,0,0,0,0,0,0,0,0,0,0,0,0,0,0,0,,,,
38,253,Guzmania,Bromeliaceae,Guzmania lingulata,0,0,0,0,0,0,0,0,0,0,0,0,0,0,0,0,0,0,0,0,0,0,,,,
39,306,Cattleya,Orchidaceae,Cattleya sp.,0,0,0,0,0,0,0,0,0,0,0,0,0,0,0,0,0,0,0,0,0,0,,,,
40,17,Salvini,Araceae,Anthurium salvinii,0,0,0,0,0,0,0,0,0,0,0,0,0,0,0,0,0,0,0,0,0,0,,,,
41,43,Salvini,Araceae,Anthurium salvinii,0,0,0,0,0,0,0,0,0,0,0,0,0,0,0,0,0,0,0,0,0,0,,,,
42,92,Salvini,Araceae,Anthurium salvinii,0,0,0,0,0,0,0,0,0,0,0,0,0,0,0,0,0,0,0,0,0,0,,,,
43,95,Salvini,Araceae,Anthurium salvinii,0,0,0,0,0,0,0,0,0,0,0,0,0,0,0,0,0,0,0,0,0,0,,,,
44,135,Salvini,Araceae,Anthurium salvinii,0,0,0,0,0,0,0,0,0,0,0,0,0,0,0,0,0,0,0,0,0,1,,,,
45,147,Salvini,Araceae,Anthurium salvinii,0,0,1,0,0,0,0,0,0,1,1,0,0,0,0,0,0,0,0,0,0,0,,,,
46,270,Neoreegia,Bromeliaceae,Neoregelia coralina,0,0,0,0,0,0,0,0,0,0,0,0,0,0,0,0,0,0,0,0,0,0,,,,
47,394,Schomburgia,Orchidaceae,Laelia tigrina,0,0,0,0,0,0,0,0,0,0,0,0,0,0,0,0,0,0,0,0,0,0,,,,
48,37,Salvini,Araceae,Anthurium salvinii,0,0,0,0,0,0,0,0,0,0,0,0,0,0,0,0,0,0,0,0,0,0,,,,
49,76,Salvini,Araceae,Anthurium salvinii,0,0,0,0,0,0,0,0,0,0,0,0,0,0,0,0,0,0,0,0,0,0,,,,
50,304,Cattleya,Orchidaceae,Cattleya sp.,0,0,0,0,0,0,1,0,0,0,0,0,0,0,0,0,0,0,0,0,0,0,,,,
51,357,Cattleya,Orchidaceae,Cattleya sp.,0,0,1,0,0,1,0,0,0,0,0,0,0,0,0,0,0,0,0,0,0,0,,,,
52,18,Salvini,Araceae,Anthurium salvinii,0,0,0,0,0,0,0,0,0,0,0,0,0,0,0,0,0,0,0,0,0,0,,,,
53,136,Salvini,Araceae,Anthurium salvinii,0,0,0,0,0,0,0,0,0,0,0,0,0,0,0,0,0,0,0,0,0,0,,,,
54,209,Aechmea,Bromeliaceae,Aechmea fasciata,0,0,0,0,0,0,0,0,0,0,0,0,0,0,0,0,0,0,0,0,0,0,,,,
55,285,Billbergia,Bromeliaceae,Billbergia nutans,0,1,0,0,0,0,0,0,0,0,0,0,0,0,0,0,0,0,0,0,0,0,,,,
56,330,Cattleya,Orchidaceae,Cattleya sp.,0,0,0,0,0,0,0,0,0,0,0,0,0,0,0,0,0,0,0,0,0,0,,,,
57,366,Cattleya,Orchidaceae,Cattleya sp.,0,0,0,0,0,0,0,0,0,0,0,0,0,0,0,0,0,0,0,0,0,0,,,,
58,12,Salvini,Araceae,Anthurium salvinii,0,0,0,0,0,0,0,0,0,1,0,0,0,0,0,0,0,0,0,0,0,0,,,,
59,78,Salvini,Araceae,Anthurium salvinii,0,0,0,0,0,0,0,0,0,0,0,0,0,0,0,0,0,0,0,0,0,0,,,,
60,83,Salvini,Araceae,Anthurium salvinii,0,0,0,0,0,0,0,0,0,0,0,0,0,0,0,0,0,0,0,0,0,0,,,,
61,91,Salvini,Araceae,Anthurium salvinii,0,0,0,0,0,0,0,0,0,1,0,0,0,0,0,0,0,0,0,0,0,1,,,,
62,157,Helecho espada,Aspleniaceae,Asplenium cf. nidus,0,0,0,0,0,1,0,0,0,0,0,0,0,0,0,0,0,0,0,0,0,0,,,,
63,205,Aechmea,Bromeliaceae,Aechmea fasciata,1,0,0,0,0,0,0,0,0,0,0,0,0,0,0,0,0,0,0,0,0,0,,,,
64,314,Cattleya,Orchidaceae,Cattleya sp.,0,0,0,0,0,0,0,0,0,0,0,0,0,0,0,0,0,0,0,0,0,0,,,,
65,353,Cattleya,Orchidaceae,Cattleya sp.,0,0,0,0,0,0,0,0,0,0,0,0,0,0,0,0,0,0,0,0,0,0,,,,
66,24,Salvini,Araceae,Anthurium salvinii,0,0,0,0,0,0,0,0,0,0,0,0,0,0,0,0,0,0,0,0,0,0,,,,
67,41,Salvini,Araceae,Anthurium salvinii,0,0,0,0,0,0,0,0,0,1,0,0,0,0,0,0,0,0,0,0,0,0,,,,
68,85,Salvini,Araceae,Anthurium salvinii,0,0,0,0,1,0,0,0,0,0,0,0,0,0,0,0,0,0,0,0,0,0,,,,
69,88,Salvini,Araceae,Anthurium salvinii,0,0,0,0,0,0,0,0,0,0,0,0,0,0,0,0,0,0,0,0,0,0,,,,
70,119,Salvini,Araceae,Anthurium salvinii,0,0,0,0,0,0,0,0,0,0,0,0,0,0,0,0,0,0,0,0,0,0,,,,
71,221,Aechmea,Bromeliaceae,Aechmea fasciata,0,0,0,0,0,0,0,0,0,0,0,0,0,0,0,0,0,0,0,0,0,0,,,,
72,245,Guzmania,Bromeliaceae,Guzmania lingulata,0,0,0,0,0,0,0,0,0,0,0,0,0,0,0,0,0,0,0,0,0,0,,,,
73,277,Neoreegia,Bromeliaceae,Neoregelia coralina,0,0,0,0,0,0,0,0,0,0,0,0,0,0,0,0,0,0,0,0,0,0,,,,
74,6,Salvini,Araceae,Anthurium salvinii,0,0,0,0,0,0,1,0,0,0,1,0,0,0,0,0,0,0,0,0,0,1,,,,
75,73,Salvini,Araceae,Anthurium salvinii,0,0,0,0,1,0,1,0,0,0,1,0,0,0,0,0,0,0,0,0,0,1,,,,
76,197,Aechmea,Bromeliaceae,Aechmea fasciata,0,0,0,0,1,0,0,0,0,1,0,0,0,0,0,0,0,0,0,0,0,0,,,,
77,200,Billbergia,Bromeliaceae,Billbergia nutans,0,0,0,0,0,0,0,0,0,0,0,0,0,0,0,0,0,0,0,0,0,1,,,,
78,201,Billbergia,Bromeliaceae,Billbergia nutans,0,0,0,0,0,0,0,0,0,0,0,0,0,0,0,0,0,0,0,0,1,1,,,,
79,218,Billbergia,Bromeliaceae,Billbergia nutans,0,0,0,0,0,0,0,0,0,0,0,0,0,0,0,0,0,0,0,0,0,1,,,,
80,346,Cattleya,Orchidaceae,Cattleya sp.,0,0,0,0,0,0,0,0,0,0,0,0,0,0,0,0,0,0,0,0,0,0,,,,
81,372,Aechmea,Bromeliaceae,Aechmea fasciata,0,0,0,0,0,0,0,0,0,0,0,0,0,0,0,0,0,0,0,0,0,0,,,,
82,4,Salvini,Araceae,Anthurium salvinii,0,0,0,0,0,0,1,0,0,0,1,0,0,0,0,0,0,0,0,0,1,1,,,,
83,7,Salvini,Araceae,Anthurium salvinii,0,0,0,0,0,0,1,1,0,0,1,0,0,0,0,0,0,0,0,0,0,0,,,,
84,34,Salvini,Araceae,Anthurium salvinii,0,0,0,0,0,0,0,0,0,0,1,0,0,0,0,0,0,0,0,0,0,1,,,,
85,58,Salvini,Araceae,Anthurium salvinii,0,0,0,0,0,0,0,0,0,0,1,0,0,0,0,0,0,0,0,0,0,0,,,,
86,164,Helecho espada,Aspleniaceae,Asplenium cf. nidus,0,0,0,0,0,0,0,0,0,0,0,0,0,0,0,0,0,0,0,0,0,0,,,,
87,255,Guzmania,Bromeliaceae,Guzmania lingulata,0,0,0,1,0,0,0,0,0,0,0,0,0,0,0,0,0,0,0,0,0,0,,,,
88,276,Neoreegia,Bromeliaceae,Neoregelia coralina,0,0,0,0,0,0,0,0,0,0,0,0,0,0,0,0,0,0,0,0,0,0,,,,
89,318,Cattleya,Orchidaceae,Cattleya sp.,1,0,0,0,0,0,0,0,0,0,0,0,0,0,0,0,0,0,0,0,0,0,,,,
90,138,Salvini,Araceae,Anthurium salvinii,0,0,0,0,0,0,0,0,0,0,0,0,0,0,0,0,0,0,0,0,0,0,,,,
91,193,Aechmea,Bromeliaceae,Aechmea fasciata,0,0,0,0,0,0,0,0,0,0,0,0,0,0,0,0,0,0,0,0,0,0,,,,
92,315,Cattleya,Orchidaceae,Cattleya sp.,0,0,0,0,0,0,0,0,0,0,0,0,0,0,0,0,0,0,0,0,0,0,,,,
93,365,Cattleya,Orchidaceae,Cattleya sp.,0,0,0,0,0,0,0,0,0,0,0,0,0,0,0,0,0,0,0,0,0,0,,,,
94,377,Cattleya,Orchidaceae,Cattleya sp.,0,0,0,0,0,0,0,0,0,0,0,0,0,0,0,0,0,0,0,0,0,0,,,,
95,54,Salvini,Araceae,Anthurium salvinii,0,0,0,0,0,0,0,0,0,0,0,0,0,0,0,0,0,0,0,0,0,0,,,,
96,244,Guzmania,Bromeliaceae,Guzmania lingulata,0,0,0,0,0,0,0,0,0,0,0,0,0,0,0,0,0,0,0,0,0,0,,,,
97,283,Neoreegia,Bromeliaceae,Neoregelia coralina,0,0,1,0,0,0,0,0,0,0,0,0,0,0,0,0,0,0,0,0,0,0,,,,
98,298,Cattleya,Orchidaceae,Cattleya sp.,0,0,0,0,0,0,0,0,0,0,0,0,0,0,0,0,0,0,0,0,0,0,,,,
99,332,Cattleya,Orchidaceae,Cattleya sp.,0,0,0,0,0,0,0,0,0,0,0,0,0,0,0,0,0,0,0,0,0,0,,,,
100,45,Salvini,Araceae,Anthurium salvinii,0,0,0,0,0,0,0,0,0,0,0,0,0,0,0,0,0,0,0,0,0,0,,,,
101,132,Salvini,Araceae,Anthurium salvinii,0,0,0,0,0,0,0,0,0,1,0,0,0,0,0,0,0,0,0,0,0,1,,,,
102,173,Helecho espada,Aspleniaceae,Asplenium cf. nidus,1,0,0,0,0,0,0,0,0,0,0,0,0,1,0,0,0,0,0,0,0,0,,,,
103,211,Billbergia,Bromeliaceae,Billbergia nutans,0,0,0,0,0,0,0,0,0,0,0,0,0,0,0,0,0,0,1,0,0,1,,,,
104,302,Cattleya,Orchidaceae,Cattleya sp.,0,0,0,0,0,0,0,0,0,0,0,0,0,0,0,0,0,0,0,0,0,0,,,,
105,40,Salvini,Araceae,Anthurium salvinii,0,0,0,0,0,0,0,0,0,0,0,0,0,0,0,0,0,0,0,0,0,1,,,,
106,50,Salvini,Araceae,Anthurium salvinii,0,0,0,0,0,0,0,0,0,0,0,0,0,0,0,0,0,0,0,0,0,1,,,,
107,127,Salvini,Araceae,Anthurium salvinii,0,0,0,0,0,0,0,0,0,0,0,0,0,0,0,0,0,0,0,0,0,0,,,,
108,312,Cattleya,Orchidaceae,Cattleya sp.,0,0,0,0,0,0,0,0,1,0,0,0,0,0,0,0,0,0,0,0,0,0,,,,
109,368,Cattleya,Orchidaceae,Cattleya sp.,0,0,0,0,0,0,0,0,0,0,0,0,0,0,0,0,0,0,0,0,0,0,,,,
110,385,Schomburgia,Orchidaceae,Laelia tigrina,0,0,0,0,0,0,0,0,0,0,0,0,0,0,0,0,0,0,0,0,0,0,,,,
111,25,Salvini,Araceae,Anthurium salvinii,0,0,0,0,0,0,0,0,0,0,1,0,0,0,0,0,0,0,0,0,0,0,,,,
112,81,Salvini,Araceae,Anthurium salvinii,0,1,0,0,0,0,1,0,0,1,1,0,0,0,0,0,0,0,0,0,0,1,,,,
113,230,Aechmea,Bromeliaceae,Aechmea fasciata,0,0,0,0,0,0,0,0,0,0,0,0,0,0,0,0,0,0,0,0,0,0,,,,
114,238,Aechmea,Bromeliaceae,Aechmea fasciata,0,0,0,0,0,0,0,0,0,0,0,0,0,0,0,0,0,0,0,0,0,0,,,,
115,325,Cattleya,Orchidaceae,Cattleya sp.,0,0,0,0,0,0,0,0,0,0,0,0,0,0,0,0,0,0,0,0,0,0,,,,
116,336,Cattleya,Orchidaceae,Cattleya sp.,0,0,0,0,0,0,0,0,0,0,0,0,0,0,0,0,0,0,0,0,0,0,,,,
117,337,Cattleya,Orchidaceae,Cattleya sp.,0,0,0,0,0,0,0,0,0,0,0,0,0,0,0,0,0,0,0,0,0,0,,,,
118,125,Salvini,Araceae,Anthurium salvinii,0,0,0,0,0,0,0,0,0,0,0,0,0,0,0,0,0,0,0,0,0,0,,,,
119,222,Aechmea,Bromeliaceae,Aechmea fasciata,0,0,0,0,1,0,0,0,0,0,0,0,0,0,0,0,0,0,0,0,0,0,,,,
120,226,Billbergia,Bromeliaceae,Billbergia nutans,0,0,0,0,0,0,0,0,0,0,0,0,0,0,0,0,0,0,0,0,0,0,,,,
121,262,Guzmania,Bromeliaceae,Guzmania lingulata,0,0,0,0,0,0,0,0,0,0,0,0,0,0,0,0,0,0,0,0,0,0,,,,
122,300,Cattleya,Orchidaceae,Cattleya sp.,0,0,0,0,0,0,0,0,0,0,0,0,0,0,0,0,0,0,0,0,0,0,,,,
123,87,Salvini,Araceae,Anthurium salvinii,0,0,0,0,0,0,0,0,0,0,1,0,0,0,0,0,0,0,0,0,0,0,,,,
124,170,Helecho espada,Aspleniaceae,Asplenium cf. nidus,0,0,0,0,0,0,0,0,0,0,0,0,0,0,0,0,0,0,0,0,0,0,,,,
125,319,Cattleya,Orchidaceae,Cattleya sp.,0,0,0,0,0,0,0,0,0,0,0,0,0,0,0,0,0,0,0,0,0,0,,,,
126,340,Cattleya,Orchidaceae,Cattleya sp.,0,0,0,0,0,0,0,0,0,0,0,0,0,0,0,0,0,0,0,0,0,0,,,,
127,360,Cattleya,Orchidaceae,Cattleya sp.,0,0,0,0,0,0,0,0,0,0,0,0,0,0,0,0,0,0,0,0,0,0,,,,
128,48,Salvini,Araceae,Anthurium salvinii,0,0,0,0,0,0,0,0,0,0,0,0,0,0,0,0,0,0,0,0,0,0,,,,
129,49,Salvini,Araceae,Anthurium salvinii,0,0,0,0,0,0,0,0,0,0,0,0,0,0,0,0,0,0,0,0,0,0,,,,
130,106,Salvini,Araceae,Anthurium salvinii,0,0,0,0,0,0,0,0,0,1,0,0,0,0,0,0,0,0,0,0,0,0,,,,
131,191,Billbergia,Bromeliaceae,Billbergia nutans,0,0,0,0,0,0,0,0,0,0,0,0,0,0,0,0,0,0,0,0,0,0,,,,
132,247,Guzmania,Bromeliaceae,Guzmania lingulata,0,0,0,1,0,0,0,0,0,0,0,0,0,0,0,0,0,0,0,0,0,0,,,,
133,133,Salvini,Araceae,Anthurium salvinii,0,0,0,0,0,0,0,0,0,0,0,0,0,0,0,0,0,0,0,0,0,0,,,,
134,183,Helecho espada,Aspleniaceae,Asplenium cf. nidus,0,0,0,0,0,0,0,0,0,0,0,0,0,0,0,0,0,0,0,0,0,0,,,,
135,194,Aechmea,Bromeliaceae,Aechmea fasciata,1,0,0,0,0,0,0,0,0,0,1,0,0,0,0,0,0,0,0,0,0,0,,,,
136,232,Aechmea,Bromeliaceae,Aechmea fasciata,0,0,0,0,0,0,0,0,0,0,0,0,0,0,0,0,0,0,0,0,0,0,,,,
137,257,Guzmania,Bromeliaceae,Guzmania lingulata,0,0,0,0,0,0,0,0,0,0,0,0,0,0,0,0,0,0,0,0,0,0,,,,
138,338,Cattleya,Orchidaceae,Cattleya sp.,0,0,0,0,0,0,0,0,0,0,0,0,0,0,0,0,0,0,0,0,0,0,,,,
139,374,Cattleya,Orchidaceae,Cattleya sp.,0,0,0,0,0,0,0,0,0,0,0,0,0,0,0,0,0,0,0,0,0,0,,,,
140,393,Schomburgia,Orchidaceae,Laelia tigrina,0,0,0,0,0,0,0,0,0,0,0,0,0,0,0,0,0,0,0,0,0,0,,,,
141,121,Salvini,Araceae,Anthurium salvinii,0,0,0,0,0,0,1,0,0,0,0,0,0,0,0,0,0,0,1,1,0,0,,,,
142,243,Guzmania,Bromeliaceae,Guzmania lingulata,0,0,0,0,0,0,0,0,0,0,0,0,0,0,0,0,0,0,0,0,0,0,,,,
143,278,Neoreegia,Bromeliaceae,Neoregelia coralina,0,0,0,0,0,0,0,0,0,0,0,0,0,0,0,0,0,0,0,0,0,0,,,,
144,279,Neoreegia,Bromeliaceae,Neoregelia coralina,0,0,0,0,0,0,0,0,0,0,0,0,0,0,0,0,0,0,0,0,0,0,,,,
145,370,Cattleya,Orchidaceae,Cattleya sp.,0,0,0,0,0,0,0,0,0,0,0,0,0,0,0,0,0,0,0,0,0,0,,,,
146,400,Schomburgia,Orchidaceae,Laelia tigrina,0,0,0,0,0,0,0,0,0,0,0,0,0,0,0,0,0,0,0,0,0,0,,,,
147,69,Salvini,Araceae,Anthurium salvinii,0,0,0,0,0,0,0,0,0,0,1,0,0,0,0,0,0,0,0,0,0,0,,,,
148,111,Salvini,Araceae,Anthurium salvinii,0,0,0,0,0,0,0,0,0,0,0,0,0,0,0,0,0,0,0,0,0,0,,,,
149,113,Salvini,Araceae,Anthurium salvinii,0,0,0,0,0,0,0,0,0,0,0,0,0,0,0,0,0,0,0,0,0,0,,,,
150,185,Helecho espada,Aspleniaceae,Asplenium cf. nidus,0,0,0,0,0,0,0,0,0,0,0,0,0,0,0,0,0,0,0,0,0,0,,,,
151,249,Guzmania,Bromeliaceae,Guzmania lingulata,0,0,0,0,0,0,0,0,0,0,0,0,0,0,0,0,0,0,0,0,0,0,,,,
152,334,Cattleya,Orchidaceae,Cattleya sp.,0,0,0,0,0,0,0,0,0,0,0,0,0,0,0,0,0,0,0,0,0,0,,,,
153,28,Salvini,Araceae,Anthurium salvinii,0,0,0,0,0,0,0,0,0,0,0,0,0,0,0,0,0,0,0,0,0,0,,,,
154,129,Salvini,Araceae,Anthurium salvinii,0,0,1,0,0,0,0,0,0,0,0,0,0,0,0,0,0,0,0,0,0,0,,,,
155,149,Salvini,Araceae,Anthurium salvinii,0,0,0,0,0,0,0,0,0,0,0,0,0,0,0,0,0,0,0,0,0,0,,,,
156,199,Aechmea,Bromeliaceae,Aechmea fasciata,0,0,0,0,0,0,0,0,0,0,0,0,0,0,0,0,0,0,0,0,0,0,,,,
157,383,Cattleya,Orchidaceae,Cattleya sp.,0,0,0,0,0,0,0,0,0,0,0,0,0,0,0,0,0,0,0,0,0,0,,,,
158,399,Schomburgia,Orchidaceae,Laelia tigrina,0,0,0,0,0,0,0,0,0,0,0,0,0,0,0,0,0,0,0,0,0,0,,,,
159,8,Salvini,Araceae,Anthurium salvinii,0,0,0,0,0,0,0,0,0,0,0,0,0,0,0,0,0,0,0,0,0,1,,,,
160,60,Salvini,Araceae,Anthurium salvinii,0,0,0,0,0,0,0,0,0,0,1,0,0,0,0,0,0,0,0,0,0,0,,,,
161,131,Salvini,Araceae,Anthurium salvinii,0,0,0,0,0,0,0,0,0,0,1,0,0,0,0,0,0,0,0,0,0,0,,,,
162,165,Helecho espada,Aspleniaceae,Asplenium cf. nidus,0,0,0,0,0,0,0,0,0,0,0,0,0,0,0,0,0,0,0,0,0,0,,,,
163,220,Aechmea,Bromeliaceae,Aechmea fasciata,0,0,0,0,0,0,0,0,0,0,1,0,0,0,0,0,0,0,0,0,0,0,,,,
164,261,Guzmania,Bromeliaceae,Guzmania lingulata,0,0,0,0,0,0,0,0,0,0,0,0,0,0,0,0,0,0,0,0,0,0,,,,
165,284,Neoreegia,Bromeliaceae,Neoregelia coralina,0,0,0,0,1,0,0,0,0,0,0,0,0,0,0,0,0,0,0,0,0,0,,,,
166,384,Schomburgia,Orchidaceae,Laelia tigrina,0,0,0,0,0,0,0,0,0,0,0,0,0,0,0,0,0,0,0,0,0,0,,,,
167,102,Salvini,Araceae,Anthurium salvinii,0,0,0,0,0,0,0,0,0,0,0,0,0,0,0,0,0,0,0,0,0,0,,,,
168,155,Helecho espada,Aspleniaceae,Asplenium cf. nidus,0,0,0,0,0,0,0,0,0,0,0,0,0,0,0,0,0,0,0,0,0,0,,,,
169,176,Helecho espada,Aspleniaceae,Asplenium cf. nidus,0,0,0,0,0,0,0,0,0,0,0,0,0,0,0,0,0,0,0,0,0,0,,,,
170,269,Neoreegia,Bromeliaceae,Neoregelia coralina,0,0,0,0,0,0,0,0,0,0,0,0,0,0,0,0,0,0,0,0,0,0,,,,
171,301,Cattleya,Orchidaceae,Cattleya sp.,0,0,0,0,0,0,0,0,0,0,0,0,0,0,0,0,0,0,0,0,0,0,,,,
172,35,Salvini,Araceae,Anthurium salvinii,1,0,0,0,1,0,1,0,0,0,0,0,0,0,0,0,0,0,0,0,0,0,,,,
173,64,Salvini,Araceae,Anthurium salvinii,0,0,0,0,1,0,0,0,0,0,0,0,0,0,0,0,0,0,0,0,0,0,,,,
174,79,Salvini,Araceae,Anthurium salvinii,0,0,0,0,0,0,0,0,0,0,0,0,0,0,0,0,0,0,0,0,0,0,,,,
175,223,Salvini,Araceae,Anthurium salvinii,0,0,0,0,0,0,0,0,0,0,0,0,0,0,0,0,0,0,0,0,0,0,,,,
176,294,Neoreegia,Bromeliaceae,Neoregelia coralina,0,0,0,0,0,0,0,0,0,0,0,0,0,0,0,0,0,0,0,0,0,0,,,,
178,23,Salvini,Araceae,Anthurium salvinii,0,0,0,0,0,0,0,0,0,0,0,0,0,0,0,0,0,0,0,0,0,0,,,,
179,99,Aechmea,Bromeliaceae,Aechmea fasciata,0,0,0,0,0,0,0,0,0,0,0,0,0,0,0,0,0,0,0,0,0,0,,,,
180,182,Helecho espada,Aspleniaceae,Asplenium cf. nidus,0,0,0,0,0,0,0,0,0,0,0,0,0,0,0,0,0,0,0,0,0,0,,,,
181,307,Cattleya,Orchidaceae,Cattleya sp.,0,0,0,0,0,0,0,0,0,0,0,0,0,0,0,0,0,0,0,0,0,0,,,,
182,369,Cattleya,Orchidaceae,Cattleya sp.,0,0,0,0,0,0,0,0,0,0,0,0,0,0,0,0,0,0,0,0,0,0,,,,
177,NA,Salvini,Araceae,Anthurium salvinii,0,0,0,0,0,0,0,0,0,0,0,0,0,0,0,0,0,0,0,0,0,0,,,,
183,140,Salvini,Araceae,Anthurium salvinii,0,0,0,0,0,0,0,0,0,0,0,0,0,0,0,0,0,0,0,0,0,0,,,,
184,143,Salvini,Araceae,Anthurium salvinii,1,0,0,0,0,0,0,0,0,0,0,0,0,0,0,0,0,0,0,0,0,0,,,,
185,178,Helecho espada,Aspleniaceae,Asplenium cf. nidus,0,0,0,0,0,0,0,0,0,0,0,0,0,0,0,0,0,0,0,0,0,0,,,,
186,204,Aechmea,Bromeliaceae,Aechmea fasciata,0,0,0,0,0,0,0,0,0,0,0,0,0,0,0,0,0,0,0,0,0,0,,,,
187,316,Cattleya,Orchidaceae,Cattleya sp.,0,0,0,0,0,0,0,0,0,0,0,0,0,0,0,0,0,0,0,0,0,0,,,,
188,355,Cattleya,Orchidaceae,Cattleya sp.,0,0,0,0,0,0,0,0,0,0,0,0,0,0,0,0,0,0,0,0,0,0,,,,
189,363,Cattleya,Orchidaceae,Cattleya sp.,0,0,0,0,0,0,0,0,0,0,0,0,0,0,0,0,0,0,0,0,0,0,,,,
190,378,Cattleya,Orchidaceae,Cattleya sp.,0,0,0,0,0,0,0,0,0,0,0,0,0,0,0,0,0,0,0,0,0,0,,,,
191,47,Salvini,Araceae,Anthurium salvinii,0,0,0,0,0,0,0,0,0,0,0,0,0,0,0,0,0,0,0,0,0,0,,,,
193,101,Salvini,Araceae,Anthurium salvinii,0,1,0,0,0,0,0,0,0,0,0,0,0,0,0,0,0,0,0,0,0,0,,,,
194,233,Aechmea,Bromeliaceae,Aechmea fasciata,0,0,0,0,0,0,0,1,0,0,0,0,0,0,0,0,0,0,0,0,0,0,,,,
195,345,Cattleya,Orchidaceae,Cattleya sp.,0,0,0,0,0,0,0,0,0,0,0,0,0,0,0,0,0,0,0,0,0,0,,,,
192,67,Salvini,Araceae,Anthurium salvinii,0,0,0,0,0,0,0,0,0,0,1,0,0,0,0,0,0,0,0,0,0,0,,,,
196,117,Salvini,Araceae,Anthurium salvinii,0,0,0,0,0,0,0,0,0,0,1,0,0,0,0,0,0,0,0,0,0,0,,,,
197,153,Helecho espada,Aspleniaceae,Asplenium cf. nidus,0,0,0,0,0,0,0,0,0,0,0,0,0,0,0,0,0,0,0,0,0,0,,,,
198,290,Neoreegia,Bromeliaceae,Neoregelia coralina,0,0,0,0,0,0,0,0,0,0,0,0,0,0,0,0,0,0,0,0,0,0,,,,
199,296,Cattleya,Orchidaceae,Cattleya sp.,0,0,0,0,0,0,0,0,0,0,0,0,0,0,0,0,0,0,0,0,0,0,,,,
200,342,Cattleya,Orchidaceae,Cattleya sp.,0,0,0,0,0,0,0,0,0,0,0,0,0,0,0,0,0,0,0,0,0,0,,,,
201,168,Helecho espada,Aspleniaceae,Asplenium cf. nidus,0,0,0,0,0,0,0,0,0,0,0,0,0,0,0,0,0,0,0,0,0,0,,,,
202,246,Guzmania,Bromeliaceae,Guzmania lingulata,0,0,0,0,0,0,0,0,0,0,0,0,0,0,0,0,0,0,0,0,0,0,,,,
203,258,Guzmania,Bromeliaceae,Guzmania lingulata,0,0,0,0,0,0,0,0,0,0,0,0,0,0,0,0,0,0,0,0,0,0,,,,
204,305,Cattleya,Orchidaceae,Cattleya sp.,0,0,0,0,0,0,0,0,0,0,0,0,0,0,0,0,0,0,0,0,0,0,,,,
205,380,Cattleya,Orchidaceae,Cattleya sp.,0,0,0,0,0,0,0,0,0,0,0,0,0,0,0,0,0,0,0,0,0,0,,,,
206,61,Salvini,Araceae,Anthurium salvinii,0,0,0,0,0,0,0,0,0,0,0,0,0,0,0,0,0,0,0,0,0,1,,,,
207,77,Salvini,Araceae,Anthurium salvinii,0,0,0,0,0,0,0,0,0,0,0,0,0,0,0,0,0,0,0,0,0,0,,,,
208,213,Aechmea,Bromeliaceae,Aechmea fasciata,0,0,0,0,0,0,0,0,0,0,0,0,0,0,0,0,0,0,0,0,0,0,,,,
209,310,Cattleya,Orchidaceae,Cattleya sp.,0,0,0,0,0,0,0,0,0,0,0,0,0,0,0,0,0,0,0,0,0,0,,,,
210,375,Cattleya,Orchidaceae,Cattleya sp.,0,1,0,0,0,0,0,0,0,0,0,0,0,0,0,0,0,0,0,0,0,0,,,,
211,11,Salvini,Araceae,Anthurium salvinii,1,0,0,0,0,0,0,0,0,1,0,0,0,0,0,0,0,0,0,1,0,0,,,,
212,36,Salvini,Araceae,Anthurium salvinii,0,0,0,0,0,0,0,0,1,0,0,0,0,0,0,0,0,0,0,0,0,0,,,,
213,198,Aechmea,Bromeliaceae,Aechmea fasciata,0,0,0,0,0,0,0,0,1,0,0,0,0,0,0,0,0,0,0,0,0,0,,,,
214,265,Guzmania,Bromeliaceae,Guzmania lingulata,0,0,0,0,0,0,0,1,1,1,0,0,0,0,0,0,0,0,0,0,0,0,,,,
215,286,Billbergia,Bromeliaceae,Billbergia nutans,0,0,0,0,0,0,0,0,0,0,0,0,0,0,0,0,0,0,0,0,0,0,,,,
216,299,Cattleya,Orchidaceae,Cattleya sp.,0,0,0,0,0,0,0,0,0,0,0,0,0,0,0,0,0,0,0,0,0,0,,,,
217,364,Cattleya,Orchidaceae,Cattleya sp.,0,0,0,0,0,0,0,0,0,0,0,0,0,0,0,0,0,0,0,0,0,0,,,,
218,397,Schomburgia,Orchidaceae,Laelia tigrina,0,1,0,0,0,0,0,0,0,0,0,0,0,0,0,0,0,0,0,0,0,0,,,,
219,84,Salvini,Araceae,Anthurium salvinii,0,0,0,0,0,0,0,0,0,0,0,0,0,0,0,0,0,0,0,0,0,0,,,,
220,137,Salvini,Araceae,Anthurium salvinii,0,0,0,0,0,0,0,0,0,1,0,0,0,0,0,0,0,0,0,0,0,0,,,,
221,162,Helecho espada,Aspleniaceae,Asplenium cf. nidus,1,0,0,0,0,0,0,0,0,0,0,0,0,0,0,0,0,0,0,0,0,0,,,,
222,214,Aechmea,Bromeliaceae,Aechmea fasciata,0,0,0,0,0,0,0,0,0,0,0,0,0,0,0,0,0,0,0,0,0,0,,,,
223,240,Guzmania,Bromeliaceae,Guzmania lingulata,0,0,0,0,0,0,0,0,0,0,0,0,0,0,0,0,0,0,0,0,0,0,,,,
224,260,Guzmania,Bromeliaceae,Guzmania lingulata,0,0,0,0,0,0,0,0,0,0,0,0,0,0,0,0,0,0,0,0,0,0,,,,
225,329,Cattleya,Orchidaceae,Cattleya sp.,0,0,0,0,0,0,0,0,0,0,0,0,0,0,0,0,0,0,0,0,0,0,,,,
226,344,Cattleya,Orchidaceae,Cattleya sp.,0,0,0,0,0,0,0,0,0,0,0,0,0,0,0,0,0,0,0,0,0,0,,,,
227,74,Salvini,Araceae,Anthurium salvinii,0,0,0,0,0,0,0,1,0,0,0,0,0,0,0,0,0,0,0,0,0,0,,,,
228,94,Salvini,Araceae,Anthurium salvinii,0,1,0,0,0,0,0,0,0,0,0,0,0,0,0,0,0,0,0,0,0,0,,,,
229,134,Salvini,Araceae,Anthurium salvinii,0,0,0,0,0,0,0,0,0,0,0,0,0,0,0,0,0,0,0,0,0,0,,,,
230,166,Helecho espada,Aspleniaceae,Asplenium cf. nidus,0,1,0,0,0,0,0,0,0,0,0,0,0,0,0,0,0,0,0,0,0,0,,,,
231,381,Schomburgia,Orchidaceae,Laelia tigrina,0,0,0,0,0,0,0,0,0,0,0,0,0,0,0,0,0,0,0,0,0,0,,,,
232,56,Salvini,Araceae,Anthurium salvinii,0,0,0,0,0,0,0,0,0,1,0,0,0,0,0,0,0,0,0,0,0,0,,,,
233,225,Aechmea,Bromeliaceae,Aechmea fasciata,0,0,0,0,0,0,0,0,0,0,0,0,0,0,0,0,0,0,0,0,0,0,,,,
234,289,Billbergia,Bromeliaceae,Billbergia nutans,0,0,0,0,0,0,0,0,0,0,0,0,0,0,0,0,0,0,0,0,0,0,,,,
235,326,Cattleya,Orchidaceae,Cattleya sp.,0,0,0,0,0,0,0,0,0,0,0,0,0,0,0,0,0,0,0,0,0,0,,,,
236,395,Schomburgia,Orchidaceae,Laelia tigrina,0,0,0,0,0,0,0,0,0,0,0,0,0,0,0,0,0,0,0,0,0,0,,,,
237,53,Salvini,Araceae,Anthurium salvinii,0,0,0,0,0,0,0,0,0,1,0,0,0,0,0,0,0,0,0,0,0,0,,,,
238,98,Salvini,Araceae,Anthurium salvinii,0,0,0,0,1,0,0,0,0,0,0,0,0,0,0,0,0,0,0,0,0,0,,,,
239,108,Salvini,Araceae,Anthurium salvinii,0,0,0,0,0,0,0,0,0,0,0,0,0,0,0,0,0,0,0,0,0,0,,,,
240,141,Salvini,Araceae,Anthurium salvinii,0,0,0,0,0,0,0,0,0,0,0,0,0,0,0,0,0,0,0,0,0,0,,,,
241,175,Helecho espada,Aspleniaceae,Asplenium cf. nidus,0,0,0,0,0,0,0,0,0,0,0,0,0,0,0,0,0,0,0,0,0,0,,,,
242,184,Helecho espada,Aspleniaceae,Asplenium cf. nidus,0,0,0,0,0,0,0,0,0,0,0,0,0,0,0,0,0,0,0,0,0,0,,,,
243,189,Helecho espada,Aspleniaceae,Asplenium cf. nidus,0,0,0,0,0,0,0,0,0,0,0,0,0,0,0,0,0,0,0,0,0,0,,,,
244,398,Schomburgia,Orchidaceae,Laelia tigrina,0,0,0,0,0,0,0,0,0,0,0,0,0,0,0,0,0,0,0,0,0,0,,,,
245,63,Salvini,Araceae,Anthurium salvinii,0,0,0,0,0,0,0,0,0,0,0,0,0,0,0,0,0,0,0,0,0,0,,,,
246,104,Salvini,Araceae,Anthurium salvinii,0,0,0,0,0,0,0,0,0,0,0,0,0,0,0,0,0,0,0,0,0,0,,,,
247,112,Salvini,Araceae,Anthurium salvinii,0,0,0,0,0,0,0,0,0,0,0,0,0,0,0,0,0,0,0,0,0,0,,,,
248,146,Salvini,Araceae,Anthurium salvinii,0,0,0,0,0,0,0,0,0,0,0,0,0,0,0,0,0,0,0,0,0,0,,,,
249,148,Salvini,Araceae,Anthurium salvinii,0,0,0,0,0,0,0,0,0,0,0,0,0,0,0,0,0,0,0,0,0,0,,,,
250,169,Helecho espada,Aspleniaceae,Asplenium cf. nidus,0,0,0,0,0,0,0,0,0,0,0,0,0,0,0,0,0,0,0,0,0,0,,,,
251,239,Aechmea,Bromeliaceae,Aechmea fasciata,0,0,0,0,0,0,0,0,0,0,0,0,0,0,0,0,0,0,0,0,0,0,,,,
252,333,Cattleya,Orchidaceae,Cattleya sp.,0,0,0,0,0,0,0,0,0,0,0,0,0,0,0,0,0,0,0,0,0,0,,,,
253,339,Cattleya,Orchidaceae,Cattleya sp.,0,0,0,0,0,0,0,0,0,0,0,0,0,0,0,0,0,0,0,0,0,0,,,,
254,354,Cattleya,Orchidaceae,Cattleya sp.,0,0,0,0,0,0,0,0,0,0,0,0,0,0,0,0,0,0,0,0,0,0,,,,
255,52,Salvini,Araceae,Anthurium salvinii,0,0,0,0,0,0,0,0,0,0,0,0,0,0,0,0,0,0,0,0,0,0,,,,
256,86,Salvini,Araceae,Anthurium salvinii,0,0,0,0,0,0,0,0,0,0,0,0,0,0,0,0,0,0,0,0,0,0,,,,
257,361,Cattleya,Orchidaceae,Cattleya sp.,0,1,0,0,0,0,0,0,1,0,0,0,0,0,0,0,0,0,0,0,0,0,,,,
258,371,Cattleya,Orchidaceae,Cattleya sp.,0,1,0,0,0,0,0,0,0,0,0,0,0,0,0,0,0,0,0,0,0,0,,,,
259,373,Cattleya,Orchidaceae,Cattleya sp.,0,0,0,0,0,0,0,0,0,0,0,0,0,0,0,0,0,0,0,0,0,0,,,,
260,29,Salvini,Araceae,Anthurium salvinii,0,0,0,0,0,0,0,0,0,0,0,0,0,0,0,0,0,0,0,0,0,0,,,,
261,187,Helecho espada,Aspleniaceae,Asplenium cf. nidus,0,0,0,0,0,0,0,0,0,0,0,0,0,0,0,0,0,0,0,0,0,0,,,,
262,216,Aechmea,Bromeliaceae,Aechmea fasciata,0,0,0,0,0,0,0,0,0,0,0,0,0,0,0,0,0,0,0,0,0,0,,,,
263,321,Cattleya,Orchidaceae,Cattleya sp.,1,0,0,0,0,0,0,0,0,0,0,0,0,0,0,0,0,0,0,0,0,0,,,,
264,322,Cattleya,Orchidaceae,Cattleya sp.,1,0,0,0,0,0,0,0,0,0,0,0,0,0,0,0,0,0,0,0,0,0,,,,
265,324,Cattleya,Orchidaceae,Cattleya sp.,1,0,0,0,0,0,0,0,0,0,0,0,0,0,0,0,0,0,0,0,0,0,,,,
266,351,Cattleya,Orchidaceae,Cattleya sp.,1,0,0,0,0,0,0,0,0,0,0,0,0,0,0,0,0,0,0,0,0,0,,,,
267,376,Cattleya,Orchidaceae,Cattleya sp.,0,0,0,0,0,0,0,0,0,0,0,0,0,0,0,0,0,0,0,0,0,0,,,,
268,387,Schomburgia,Orchidaceae,Laelia tigrina,0,0,0,0,0,0,0,0,0,0,0,0,0,0,0,0,0,0,0,0,0,0,,,,
269,388,Schomburgia,Orchidaceae,Laelia tigrina,0,0,0,0,0,0,0,0,0,0,0,0,0,0,0,0,0,0,0,0,0,0,,,,
270,5,Salvini,Araceae,Anthurium salvinii,0,0,0,0,0,0,0,0,0,0,0,0,0,0,0,0,0,0,0,0,0,0,,,,
271,44,Salvini,Araceae,Anthurium salvinii,0,1,0,0,0,0,0,0,0,0,0,0,0,0,0,0,0,0,0,0,0,0,,,,
272,142,Salvini,Araceae,Anthurium salvinii,0,0,0,0,0,0,0,0,0,0,0,0,0,0,0,0,0,0,0,0,0,0,,,,
273,160,Helecho espada,Aspleniaceae,Asplenium cf. nidus,0,0,0,0,0,0,0,0,0,0,0,0,0,0,0,0,0,0,0,0,0,0,,,,
274,236,Aechmea,Bromeliaceae,Aechmea fasciata,0,0,0,0,0,0,0,0,0,0,0,0,0,0,0,0,0,0,0,0,0,0,,,,
275,242,Guzmania,Bromeliaceae,Guzmania lingulata,0,0,0,0,0,0,0,0,0,0,0,0,0,0,0,0,0,0,0,0,0,0,,,,
276,248,Guzmania,Bromeliaceae,Guzmania lingulata,0,0,0,0,0,0,0,0,0,0,0,0,0,0,0,0,0,0,0,0,0,0,,,,
277,396,Schomburgia,Orchidaceae,Laelia tigrina,0,0,0,0,0,0,0,0,0,0,0,0,0,0,0,0,0,0,0,0,0,0,,,,
278,62,Salvini,Araceae,Anthurium salvinii,0,0,0,0,0,0,0,0,0,0,0,0,0,0,0,0,0,0,0,0,0,0,,,,
279,107,Salvini,Araceae,Anthurium salvinii,0,0,0,0,0,0,0,0,0,0,0,0,0,0,0,0,0,0,0,0,0,0,,,,
280,224,Aechmea,Bromeliaceae,Aechmea fasciata,0,0,0,0,0,0,0,0,0,0,0,0,0,0,0,0,0,0,0,0,0,0,,,,
281,256,Guzmania,Bromeliaceae,Guzmania lingulata,0,1,0,0,0,0,0,0,0,0,0,0,0,0,0,0,0,0,0,0,0,0,,,,
282,264,Guzmania,Bromeliaceae,Guzmania lingulata,0,0,0,0,0,0,0,0,0,0,0,0,0,0,0,0,0,0,0,0,0,0,,,,
283,317,Cattleya,Orchidaceae,Cattleya sp.,0,0,0,0,0,0,0,0,1,1,1,0,0,0,0,0,0,0,0,0,0,0,,,,
284,328,Cattleya,Orchidaceae,Cattleya sp.,0,0,0,0,0,0,0,0,0,0,0,0,0,0,0,0,0,0,0,0,0,0,,,,
285,362,Cattleya,Orchidaceae,Cattleya sp.,0,0,0,0,0,0,0,0,1,0,0,0,0,0,0,0,0,0,0,0,1,0,,,,
286,42,Salvini,Araceae,Anthurium salvinii,0,0,0,0,0,0,0,0,0,0,0,0,0,0,0,0,0,0,0,0,0,0,,,,
287,65,Salvini,Araceae,Anthurium salvinii,0,0,0,0,0,0,0,0,0,0,0,0,0,0,0,0,0,0,0,0,0,0,,,,
288,145,Salvini,Araceae,Anthurium salvinii,0,0,0,0,0,0,0,0,0,0,0,0,0,0,0,0,0,0,0,0,0,0,,,,
289,212,Aechmea,Bromeliaceae,Aechmea fasciata,0,0,0,0,0,0,0,0,0,0,0,0,0,0,0,0,0,0,0,0,0,0,,,,
290,327,Cattleya,Orchidaceae,Cattleya sp.,0,0,0,0,0,0,0,0,0,0,0,0,0,0,0,0,0,0,0,0,0,0,,,,
291,161,Helecho espada,Aspleniaceae,Asplenium cf. nidus,0,0,0,0,0,0,0,0,0,0,0,0,0,0,0,0,0,0,0,0,0,0,,,,
292,172,Helecho espada,Aspleniaceae,Asplenium cf. nidus,0,1,0,0,0,0,0,0,0,0,0,0,0,0,0,0,0,0,0,0,0,0,,,,
293,192,Aechmea,Bromeliaceae,Aechmea fasciata,0,0,0,0,0,0,0,0,0,0,0,0,0,0,0,0,0,0,0,0,0,0,,,,
294,206,Aechmea,Bromeliaceae,Aechmea fasciata,0,0,0,0,0,0,0,0,0,0,0,0,0,0,0,0,0,0,0,0,0,0,,,,
295,217,Aechmea,Bromeliaceae,Aechmea fasciata,0,0,0,0,0,0,0,0,0,0,0,0,0,0,0,0,0,0,0,0,0,0,,,,
296,33,Salvini,Araceae,Anthurium salvinii,0,0,0,0,0,0,0,0,0,0,0,0,0,0,0,0,0,0,0,0,0,0,,,,
297,254,Guzmania,Bromeliaceae,Guzmania lingulata,0,0,0,0,0,0,0,0,0,0,0,0,0,0,0,0,0,0,0,0,0,0,,,,
298,259,Guzmania,Bromeliaceae,Guzmania lingulata,0,0,0,0,0,0,0,0,0,0,0,0,0,0,0,0,0,0,0,0,0,0,,,,
299,293,Billbergia,Bromeliaceae,Billbergia nutans,0,0,0,0,0,0,0,0,0,0,0,0,0,0,0,0,0,0,0,0,0,0,,,,
300,297,Cattleya,Orchidaceae,Cattleya sp.,0,0,0,0,0,0,0,0,0,0,0,0,0,0,0,0,0,0,0,0,0,0,,,,
301,21,Salvini,Araceae,Anthurium salvinii,0,0,0,0,0,0,0,0,0,0,0,0,0,0,0,0,0,0,0,0,0,0,,,,
302,241,Billbergia,Bromeliaceae,Billbergia nutans,0,0,0,0,0,0,0,0,0,0,0,0,0,0,0,0,0,0,0,0,0,0,,,,
303,268,Neoreegia,Bromeliaceae,Neoregelia coralina,0,0,0,0,0,0,0,0,0,0,0,0,0,0,0,0,0,0,0,0,0,0,,,,
304,288,Billbergia,Bromeliaceae,Billbergia nutans,0,0,0,0,0,0,0,0,0,0,0,0,0,0,0,0,0,0,0,0,0,0,,,,
305,391,Schomburgia,Orchidaceae,Laelia tigrina,0,0,0,0,0,0,0,0,0,0,0,0,0,0,0,0,0,0,0,0,0,0,,,,
306,30,Salvini,Araceae,Anthurium salvinii,0,0,0,0,0,0,0,0,0,0,0,0,0,0,0,0,0,0,0,0,0,0,,,,
307,122,Salvini,Araceae,Anthurium salvinii,0,0,0,0,0,0,1,0,0,0,0,0,0,0,0,0,0,0,0,0,0,0,,,,
308,158,Helecho espada,Aspleniaceae,Asplenium cf. nidus,0,0,0,0,0,0,0,0,0,0,0,0,0,0,0,0,0,0,0,0,0,0,,,,
309,171,Helecho espada,Aspleniaceae,Asplenium cf. nidus,0,1,0,0,0,0,0,0,0,0,0,0,0,0,0,0,0,0,0,0,0,0,,,,
310,188,Helecho espada,Aspleniaceae,Asplenium cf. nidus,0,0,0,0,0,0,0,0,0,0,0,0,0,0,0,0,0,0,0,0,0,0,,,,